{
  "train_loss": [
    1.425553271660438,
    1.1264227660986093,
    0.8655923425967876,
    0.6770578960271982,
    0.6044543386239272,
    0.5650218122922457,
    0.5699538029890794,
    0.5531145958717053,
    0.5496729179895841,
    0.524716886813824,
    0.5263483427487887,
    0.5039096032656156,
    0.5075845530583308,
    0.4909506266667293,
    0.4959308920273414,
    0.4780529152430021,
    0.4849109769967886,
    0.4756684255233178,
    0.4788256868949303,
    0.4557756472367507,
    0.4538924175592569,
    0.46354639882307785,
    0.4489870113959679,
    0.46058016593639667,
    0.45086289053696854,
    0.46509327554702756
  ],
  "val_loss": [
    1.1653263588685256,
    0.8801116879903353,
    0.6275573909832881,
    0.47709005036720864,
    0.43412366181153517,
    0.40609195608359117,
    0.41464821323981654,
    0.40266518702873816,
    0.40597151151070227,
    0.3967408103759472,
    0.3889493069648743,
    0.3835293213404142,
    0.37821063129718485,
    0.3643507977632376,
    0.38287003256724433,
    0.3650319213133592,
    0.36500820341477025,
    0.36319224509826076,
    0.36532810926437376,
    0.36152064433464637,
    0.35930218390318064,
    0.3568279277728154,
    0.3608918834099403,
    0.3571985632456266,
    0.3546993391330426,
    0.35667650098067066
  ],
  "val_acc": [
    0.5384615384615384,
    0.7741538461538462,
    0.8529230769230769,
    0.9126153846153846,
    0.9341538461538461,
    0.9298461538461539,
    0.9230769230769231,
    0.9230769230769231,
    0.9132307692307692,
    0.9163076923076923,
    0.9396923076923077,
    0.944,
    0.9316923076923077,
    0.9458461538461539,
    0.9335384615384615,
    0.9538461538461539,
    0.9372307692307692,
    0.9544615384615385,
    0.9544615384615385,
    0.9384615384615385,
    0.9501538461538461,
    0.9446153846153846,
    0.9452307692307692,
    0.9489230769230769,
    0.9483076923076923,
    0.944
  ]
}