{
  "ensemble_config": {
    "model_type": "RF+XGB+LGBM+CAT+ET+META",
    "ensemble_mode": "stacking",
    "n_models": 5,
    "n_features": 42,
    "n_funds_trained": 154060,
    "uses_history": true
  },
  "base_model_performance": {
    "random_forest": {
      "r2": 0.7744,
      "rmse": 0.1972,
      "cv_r2": "0.2473\u00b10.0916"
    },
    "xgboost": {
      "r2": 0.4096,
      "rmse": 0.3191,
      "cv_r2": "0.2215\u00b10.0777"
    },
    "lightgbm": {
      "r2": 0.3829,
      "rmse": 0.3262,
      "cv_r2": "0.2158\u00b10.0753"
    },
    "extratrees": {
      "r2": 0.5878,
      "rmse": 0.2666,
      "cv_r2": "0.2135\u00b10.0804"
    },
    "catboost": {
      "r2": 0.0,
      "rmse": 0.0,
      "cv_r2": "0.0000\u00b10.0000"
    }
  },
  "meta_learner": {
    "type": "Ridge Stacking",
    "r2": 0.868,
    "rmse": 0.1509,
    "learned_weights": {
      "rf": 2.2830434080121287,
      "xgb": -0.09761004855770783,
      "lgbm": -0.13245763984040737,
      "cat": 0.0,
      "et": -1.0998860577907064
    }
  },
  "feature_importance_summary": {
    "ensemble_average": {
      "is_growth": 0.1497994972069224,
      "nav_log": 0.06803508023000863,
      "log_aum": 0.06442803355728964,
      "fund_age_years": 0.057900973781666885,
      "max_drawdown_hist": 0.047680120152946724,
      "expense_ratio_norm": 0.03879075032372336,
      "cagr_3yr_hist": 0.03479683575654745,
      "amc_size_norm": 0.030992778779204474,
      "cagr_5yr_hist": 0.03051663084889046,
      "fund_return_5y": 0.03030348760015816,
      "fundperf_daily_aum_cr": 0.028830523571217025,
      "cagr_1yr_hist": 0.026512986063792,
      "expense_ratio_real_norm": 0.02593508145919715,
      "recovery_time_hist": 0.025124484195092653,
      "vol_1yr_hist": 0.02406245832526275,
      "sharpe_1yr_hist": 0.023942947206055123,
      "fund_return_3y": 0.023438231536323996,
      "risk_tier_ord": 0.022259247505196866,
      "fund_return_1y": 0.022181719408609312,
      "riskometer_ord": 0.021831506235484365,
      "momentum_6m_hist": 0.02122906451276733,
      "consistency_1y_hist": 0.02101390062261819,
      "min_inv_log": 0.013869114362225774,
      "excess_return_5y": 0.012592425759121373,
      "excess_vs_nifty_5y": 0.011780878088390876,
      "regime_beta": 0.011256464575041926,
      "benchmark_return_3y": 0.01070801217792105,
      "benchmark_return_1y": 0.010480123660979801,
      "benchmark_return_5y": 0.01015451360471179,
      "excess_return_3y": 0.00938316750193131,
      "amc_is_top": 0.009351003225829144,
      "excess_return_1y": 0.008854095770036577,
      "excess_vs_nifty_3y": 0.008429909664542871,
      "has_fundperf_returns": 0.00815620628877702,
      "is_active": 0.0077992254354830315,
      "is_open_ended": 0.007345429925804493,
      "fundperf_recency_days": 0.006884463798546652,
      "benchmark_eligible_flag": 0.006768231523341476,
      "ter_missing_flag": 0.0035840602820448792,
      "benchmarked_flag": 0.0016489667496383032,
      "data_quality_flag": 0.0013473687266564716,
      "nav_recency_days": 0.0
    },
    "total_features": 42,
    "top_10_features": {
      "is_growth": 0.1497994972069224,
      "nav_log": 0.06803508023000863,
      "log_aum": 0.06442803355728964,
      "fund_age_years": 0.057900973781666885,
      "max_drawdown_hist": 0.047680120152946724,
      "expense_ratio_norm": 0.03879075032372336,
      "cagr_3yr_hist": 0.03479683575654745,
      "amc_size_norm": 0.030992778779204474,
      "cagr_5yr_hist": 0.03051663084889046,
      "fund_return_5y": 0.03030348760015816
    }
  },
  "individual_models_top_10": {
    "rf": {
      "log_aum": 0.07928453731062839,
      "fund_age_years": 0.07650139434550839,
      "nav_log": 0.07465877885122589,
      "max_drawdown_hist": 0.061602252690593606,
      "cagr_3yr_hist": 0.061419399499097235,
      "is_growth": 0.05991099457689437,
      "cagr_5yr_hist": 0.05327255465737822,
      "cagr_1yr_hist": 0.04837710498359054,
      "recovery_time_hist": 0.04222337390797624,
      "momentum_6m_hist": 0.04051203190870581
    },
    "xgb": {
      "is_growth": 0.3657948989466003,
      "riskometer_ord": 0.05895388048680667,
      "risk_tier_ord": 0.037795715872898046,
      "log_aum": 0.02726075590086916,
      "fundperf_daily_aum_cr": 0.02278842416717598,
      "has_fundperf_returns": 0.021652126893890643,
      "sharpe_1yr_hist": 0.020146426137530298,
      "fundperf_recency_days": 0.019254494850646165,
      "fund_return_5y": 0.019227583355585266,
      "benchmark_return_5y": 0.018978054117224703
    },
    "lgbm": {
      "nav_log": 0.109,
      "fund_age_years": 0.09108333333333334,
      "max_drawdown_hist": 0.07633333333333334,
      "expense_ratio_norm": 0.07,
      "log_aum": 0.06116666666666667,
      "amc_size_norm": 0.051833333333333335,
      "fund_return_5y": 0.04875,
      "fundperf_daily_aum_cr": 0.042416666666666665,
      "cagr_3yr_hist": 0.03741666666666667,
      "fund_return_1y": 0.034666666666666665
    },
    "et": {
      "is_growth": 0.16074209530419512,
      "log_aum": 0.09000017435099442,
      "nav_log": 0.07080346888014807,
      "fund_age_years": 0.05318791560321359,
      "max_drawdown_hist": 0.038667740441880344,
      "consistency_1y_hist": 0.03462648610492692,
      "expense_ratio_norm": 0.03455452492455444,
      "sharpe_1yr_hist": 0.03397541679368691,
      "expense_ratio_real_norm": 0.033232805363316104,
      "vol_1yr_hist": 0.032437160938143694
    },
    "cat": {}
  }
}