{
  "model": "lightgbm",
  "performance_metrics": {
    "r2": 0.3829,
    "rmse": 0.3262,
    "cv_r2_mean": 0.2158,
    "cv_r2_std": 0.0753
  },
  "total_features": 42,
  "exported_features": 42,
  "feature_importances": {
    "nav_log": 0.109,
    "fund_age_years": 0.09108333333333334,
    "max_drawdown_hist": 0.07633333333333334,
    "expense_ratio_norm": 0.07,
    "log_aum": 0.06116666666666667,
    "amc_size_norm": 0.051833333333333335,
    "fund_return_5y": 0.04875,
    "fundperf_daily_aum_cr": 0.042416666666666665,
    "cagr_3yr_hist": 0.03741666666666667,
    "fund_return_1y": 0.034666666666666665,
    "fund_return_3y": 0.03358333333333333,
    "cagr_5yr_hist": 0.03225,
    "expense_ratio_real_norm": 0.026916666666666665,
    "cagr_1yr_hist": 0.02575,
    "recovery_time_hist": 0.02575,
    "vol_1yr_hist": 0.02025,
    "excess_return_5y": 0.018916666666666665,
    "excess_vs_nifty_5y": 0.017,
    "regime_beta": 0.01675,
    "momentum_6m_hist": 0.0155,
    "min_inv_log": 0.015416666666666667,
    "risk_tier_ord": 0.014916666666666667,
    "excess_return_3y": 0.014333333333333333,
    "benchmark_return_1y": 0.0135,
    "is_growth": 0.01275,
    "excess_return_1y": 0.01175,
    "benchmark_return_3y": 0.010916666666666667,
    "excess_vs_nifty_3y": 0.010083333333333333,
    "benchmark_return_5y": 0.00725,
    "sharpe_1yr_hist": 0.007166666666666667,
    "riskometer_ord": 0.006,
    "is_open_ended": 0.004166666666666667,
    "has_fundperf_returns": 0.004166666666666667,
    "amc_is_top": 0.0035833333333333333,
    "is_active": 0.002916666666666667,
    "benchmark_eligible_flag": 0.0025833333333333333,
    "consistency_1y_hist": 0.0015833333333333333,
    "fundperf_recency_days": 0.0009166666666666666,
    "ter_missing_flag": 0.0003333333333333333,
    "data_quality_flag": 0.00025,
    "benchmarked_flag": 8.333333333333333e-05,
    "nav_recency_days": 0.0
  }
}