{
  "model": "random_forest",
  "performance_metrics": {
    "r2": 0.7744,
    "rmse": 0.1972,
    "cv_r2_mean": 0.2473,
    "cv_r2_std": 0.0916
  },
  "total_features": 42,
  "exported_features": 42,
  "feature_importances": {
    "log_aum": 0.0792845373106284,
    "fund_age_years": 0.0765013943455084,
    "nav_log": 0.0746587788512259,
    "max_drawdown_hist": 0.06160225269059361,
    "cagr_3yr_hist": 0.06141939949909724,
    "is_growth": 0.059910994576894375,
    "cagr_5yr_hist": 0.05327255465737823,
    "cagr_1yr_hist": 0.048377104983590546,
    "recovery_time_hist": 0.042223373907976244,
    "momentum_6m_hist": 0.040512031908705816,
    "sharpe_1yr_hist": 0.034483279226336656,
    "consistency_1y_hist": 0.034154535725594744,
    "vol_1yr_hist": 0.03337001997703687,
    "expense_ratio_norm": 0.03256322369674169,
    "expense_ratio_real_norm": 0.029603187016421707,
    "fund_return_5y": 0.02779451696794451,
    "amc_size_norm": 0.025569729637797738,
    "fund_return_3y": 0.024828956522951345,
    "fundperf_daily_aum_cr": 0.024679836255317528,
    "fund_return_1y": 0.021439097034302947,
    "risk_tier_ord": 0.013817462160697635,
    "min_inv_log": 0.009330974601024623,
    "regime_beta": 0.008929645012538992,
    "excess_return_5y": 0.008258263319215116,
    "riskometer_ord": 0.007953411854962376,
    "excess_vs_nifty_5y": 0.007236462813127836,
    "benchmark_return_3y": 0.006595512465122084,
    "excess_return_3y": 0.006257397519520365,
    "benchmark_return_5y": 0.006109181481595027,
    "excess_return_1y": 0.006061066272150391,
    "excess_vs_nifty_3y": 0.006060399880966676,
    "benchmark_return_1y": 0.00566330302185905,
    "is_active": 0.005133550389511044,
    "amc_is_top": 0.004104173140657645,
    "benchmark_eligible_flag": 0.0032186894793331477,
    "is_open_ended": 0.002118065725684279,
    "fundperf_recency_days": 0.0021057864517725826,
    "has_fundperf_returns": 0.0018739144213033316,
    "benchmarked_flag": 0.0013787786404498167,
    "ter_missing_flag": 0.0012555976512475962,
    "data_quality_flag": 0.0002895589052160488,
    "nav_recency_days": 0.0
  }
}