{
  "model": "extratrees",
  "performance_metrics": {
    "r2": 0.5878,
    "rmse": 0.2666,
    "cv_r2_mean": 0.2135,
    "cv_r2_std": 0.0804
  },
  "total_features": 42,
  "exported_features": 42,
  "feature_importances": {
    "is_growth": 0.16074209530419503,
    "log_aum": 0.09000017435099437,
    "nav_log": 0.07080346888014805,
    "fund_age_years": 0.05318791560321357,
    "max_drawdown_hist": 0.03866774044188033,
    "consistency_1y_hist": 0.034626486104926905,
    "expense_ratio_norm": 0.03455452492455443,
    "sharpe_1yr_hist": 0.033975416793686895,
    "expense_ratio_real_norm": 0.03323280536331609,
    "vol_1yr_hist": 0.03243716093814368,
    "amc_size_norm": 0.030826695768002538,
    "cagr_5yr_hist": 0.027947771692671285,
    "cagr_3yr_hist": 0.025733277961163422,
    "fund_return_5y": 0.02544185007710289,
    "fundperf_daily_aum_cr": 0.025437167195707953,
    "risk_tier_ord": 0.02250714532052513,
    "recovery_time_hist": 0.022079791240281164,
    "fund_return_3y": 0.021887177017952578,
    "fund_return_1y": 0.020763096723883195,
    "min_inv_log": 0.019898978084159833,
    "cagr_1yr_hist": 0.016746105062800123,
    "is_active": 0.014934145945555519,
    "riskometer_ord": 0.01441873260016841,
    "amc_is_top": 0.013548099568245148,
    "momentum_6m_hist": 0.013072898422906883,
    "regime_beta": 0.010243678548707945,
    "benchmark_eligible_flag": 0.008635259720374421,
    "excess_return_5y": 0.008600992261722036,
    "benchmark_return_3y": 0.008457651668098696,
    "benchmark_return_5y": 0.008280818820027432,
    "excess_vs_nifty_5y": 0.007805357273877164,
    "excess_vs_nifty_3y": 0.006982268428832597,
    "excess_return_3y": 0.006882495689320528,
    "benchmark_return_1y": 0.00674553565154242,
    "excess_return_1y": 0.006664839460174127,
    "fundperf_recency_days": 0.005260907225101197,
    "benchmarked_flag": 0.005133755024770062,
    "has_fundperf_returns": 0.004932117173247445,
    "is_open_ended": 0.004356079567996465,
    "ter_missing_flag": 0.0030670415968292127,
    "data_quality_flag": 0.0004804805031924487,
    "nav_recency_days": 0.0
  }
}