{
  "model": "xgboost",
  "performance_metrics": {
    "r2": 0.4096,
    "rmse": 0.3191,
    "cv_r2_mean": 0.2215,
    "cv_r2_std": 0.0777
  },
  "total_features": 42,
  "exported_features": 42,
  "feature_importances": {
    "is_growth": 0.3657948989466003,
    "riskometer_ord": 0.05895388048680667,
    "risk_tier_ord": 0.037795715872898046,
    "log_aum": 0.02726075590086916,
    "fundperf_daily_aum_cr": 0.02278842416717598,
    "has_fundperf_returns": 0.021652126893890643,
    "sharpe_1yr_hist": 0.020146426137530298,
    "fundperf_recency_days": 0.019254494850646165,
    "fund_return_5y": 0.019227583355585266,
    "benchmark_return_5y": 0.018978054117224703,
    "is_open_ended": 0.018740907742870568,
    "expense_ratio_norm": 0.018045252673597335,
    "nav_log": 0.017678073188660666,
    "benchmark_return_3y": 0.016862217911796765,
    "amc_is_top": 0.01616840686108045,
    "benchmark_return_1y": 0.016011655970517742,
    "momentum_6m_hist": 0.015831327719456636,
    "amc_size_norm": 0.015741356377684302,
    "cagr_1yr_hist": 0.015178734208777356,
    "excess_vs_nifty_5y": 0.015081692266558516,
    "cagr_3yr_hist": 0.014617998899262482,
    "excess_return_5y": 0.014593780788881681,
    "max_drawdown_hist": 0.014117154145979657,
    "expense_ratio_real_norm": 0.013987666790384169,
    "consistency_1y_hist": 0.013691247326617799,
    "fund_return_3y": 0.013453459271058756,
    "benchmark_eligible_flag": 0.012635643560325007,
    "fund_return_1y": 0.011858017209584442,
    "excess_return_1y": 0.010940477347821796,
    "fund_age_years": 0.010831251844612274,
    "min_inv_log": 0.010829838097051974,
    "excess_vs_nifty_3y": 0.010593637015038883,
    "recovery_time_hist": 0.010444771632113239,
    "vol_1yr_hist": 0.010192652385870464,
    "excess_return_3y": 0.010059443465551023,
    "ter_missing_flag": 0.009680268546769377,
    "regime_beta": 0.00910253473892077,
    "cagr_5yr_hist": 0.00859619704551235,
    "is_active": 0.008212538740198895,
    "data_quality_flag": 0.00436943549821739,
    "nav_recency_days": 0.0,
    "benchmarked_flag": 0.0
  }
}